{
  "generated_at": "2026-03-22T08:57:04.053621Z",
  "artifacts": {
    "dataset_profile": {
      "rows": 30000,
      "columns": 24,
      "target": "default",
      "target_counts": {
        "0": 23364,
        "1": 6636
      },
      "dtypes": {
        "LIMIT_BAL": "int64",
        "SEX": "object",
        "EDUCATION": "object",
        "MARRIAGE": "object",
        "AGE": "int64",
        "PAY_0": "int64",
        "PAY_2": "int64",
        "PAY_3": "int64",
        "PAY_4": "int64",
        "PAY_5": "int64",
        "PAY_6": "int64",
        "BILL_AMT1": "int64",
        "BILL_AMT2": "int64",
        "BILL_AMT3": "int64",
        "BILL_AMT4": "int64",
        "BILL_AMT5": "int64",
        "BILL_AMT6": "int64",
        "PAY_AMT1": "int64",
        "PAY_AMT2": "int64",
        "PAY_AMT3": "int64",
        "PAY_AMT4": "int64",
        "PAY_AMT5": "int64",
        "PAY_AMT6": "int64",
        "default": "int64"
      },
      "missingness_percent_top": {},
      "numeric_summary": {
        "LIMIT_BAL": {
          "count": 30000.0,
          "mean": 167484.32266666667,
          "std": 129747.66156720239,
          "min": 10000.0,
          "25%": 50000.0,
          "50%": 140000.0,
          "75%": 240000.0,
          "max": 1000000.0
        },
        "AGE": {
          "count": 30000.0,
          "mean": 35.4855,
          "std": 9.217904068090188,
          "min": 21.0,
          "25%": 28.0,
          "50%": 34.0,
          "75%": 41.0,
          "max": 79.0
        },
        "PAY_0": {
          "count": 30000.0,
          "mean": -0.0167,
          "std": 1.1238015279973348,
          "min": -2.0,
          "25%": -1.0,
          "50%": 0.0,
          "75%": 0.0,
          "max": 8.0
        },
        "PAY_2": {
          "count": 30000.0,
          "mean": -0.13376666666666667,
          "std": 1.1971859730345533,
          "min": -2.0,
          "25%": -1.0,
          "50%": 0.0,
          "75%": 0.0,
          "max": 8.0
        },
        "PAY_3": {
          "count": 30000.0,
          "mean": -0.1662,
          "std": 1.1968675684465735,
          "min": -2.0,
          "25%": -1.0,
          "50%": 0.0,
          "75%": 0.0,
          "max": 8.0
        },
        "PAY_4": {
          "count": 30000.0,
          "mean": -0.22066666666666668,
          "std": 1.1691386224023375,
          "min": -2.0,
          "25%": -1.0,
          "50%": 0.0,
          "75%": 0.0,
          "max": 8.0
        },
        "PAY_5": {
          "count": 30000.0,
          "mean": -0.2662,
          "std": 1.1331874060027483,
          "min": -2.0,
          "25%": -1.0,
          "50%": 0.0,
          "75%": 0.0,
          "max": 8.0
        },
        "PAY_6": {
          "count": 30000.0,
          "mean": -0.2911,
          "std": 1.1499876256079027,
          "min": -2.0,
          "25%": -1.0,
          "50%": 0.0,
          "75%": 0.0,
          "max": 8.0
        },
        "BILL_AMT1": {
          "count": 30000.0,
          "mean": 51223.3309,
          "std": 73635.86057552956,
          "min": -165580.0,
          "25%": 3558.75,
          "50%": 22381.5,
          "75%": 67091.0,
          "max": 964511.0
        },
        "BILL_AMT2": {
          "count": 30000.0,
          "mean": 49179.07516666667,
          "std": 71173.76878252835,
          "min": -69777.0,
          "25%": 2984.75,
          "50%": 21200.0,
          "75%": 64006.25,
          "max": 983931.0
        },
        "BILL_AMT3": {
          "count": 30000.0,
          "mean": 47013.1548,
          "std": 69349.38742703684,
          "min": -157264.0,
          "25%": 2666.25,
          "50%": 20088.5,
          "75%": 60164.75,
          "max": 1664089.0
        },
        "BILL_AMT4": {
          "count": 30000.0,
          "mean": 43262.94896666666,
          "std": 64332.85613391631,
          "min": -170000.0,
          "25%": 2326.75,
          "50%": 19052.0,
          "75%": 54506.0,
          "max": 891586.0
        },
        "BILL_AMT5": {
          "count": 30000.0,
          "mean": 40311.40096666667,
          "std": 60797.15577026487,
          "min": -81334.0,
          "25%": 1763.0,
          "50%": 18104.5,
          "75%": 50190.5,
          "max": 927171.0
        },
        "BILL_AMT6": {
          "count": 30000.0,
          "mean": 38871.7604,
          "std": 59554.10753674573,
          "min": -339603.0,
          "25%": 1256.0,
          "50%": 17071.0,
          "75%": 49198.25,
          "max": 961664.0
        },
        "PAY_AMT1": {
          "count": 30000.0,
          "mean": 5663.5805,
          "std": 16563.280354025766,
          "min": 0.0,
          "25%": 1000.0,
          "50%": 2100.0,
          "75%": 5006.0,
          "max": 873552.0
        },
        "PAY_AMT2": {
          "count": 30000.0,
          "mean": 5921.1635,
          "std": 23040.870402057237,
          "min": 0.0,
          "25%": 833.0,
          "50%": 2009.0,
          "75%": 5000.0,
          "max": 1684259.0
        },
        "PAY_AMT3": {
          "count": 30000.0,
          "mean": 5225.6815,
          "std": 17606.961469803104,
          "min": 0.0,
          "25%": 390.0,
          "50%": 1800.0,
          "75%": 4505.0,
          "max": 896040.0
        },
        "PAY_AMT4": {
          "count": 30000.0,
          "mean": 4826.076866666666,
          "std": 15666.159744032007,
          "min": 0.0,
          "25%": 296.0,
          "50%": 1500.0,
          "75%": 4013.25,
          "max": 621000.0
        },
        "PAY_AMT5": {
          "count": 30000.0,
          "mean": 4799.387633333334,
          "std": 15278.30567914479,
          "min": 0.0,
          "25%": 252.5,
          "50%": 1500.0,
          "75%": 4031.5,
          "max": 426529.0
        },
        "PAY_AMT6": {
          "count": 30000.0,
          "mean": 5215.502566666667,
          "std": 17777.4657754353,
          "min": 0.0,
          "25%": 117.75,
          "50%": 1500.0,
          "75%": 4000.0,
          "max": 528666.0
        },
        "default": {
          "count": 30000.0,
          "mean": 0.2212,
          "std": 0.41506180569093337,
          "min": 0.0,
          "25%": 0.0,
          "50%": 0.0,
          "75%": 0.0,
          "max": 1.0
        }
      },
      "top_abs_correlations": [
        {
          "col1": "BILL_AMT1",
          "col2": "BILL_AMT2",
          "abs_corr": 0.9514836727518136
        },
        {
          "col1": "BILL_AMT5",
          "col2": "BILL_AMT6",
          "abs_corr": 0.9461968070521957
        },
        {
          "col1": "BILL_AMT4",
          "col2": "BILL_AMT5",
          "abs_corr": 0.9401344040880004
        },
        {
          "col1": "BILL_AMT2",
          "col2": "BILL_AMT3",
          "abs_corr": 0.9283262592714855
        },
        {
          "col1": "BILL_AMT3",
          "col2": "BILL_AMT4",
          "abs_corr": 0.9239694565909823
        },
        {
          "col1": "BILL_AMT4",
          "col2": "BILL_AMT6",
          "abs_corr": 0.9009409547978421
        },
        {
          "col1": "BILL_AMT2",
          "col2": "BILL_AMT4",
          "abs_corr": 0.8924822912577209
        },
        {
          "col1": "BILL_AMT1",
          "col2": "BILL_AMT3",
          "abs_corr": 0.8922785291271761
        },
        {
          "col1": "BILL_AMT3",
          "col2": "BILL_AMT5",
          "abs_corr": 0.8839096973620155
        },
        {
          "col1": "BILL_AMT1",
          "col2": "BILL_AMT4",
          "abs_corr": 0.8602721890293095
        },
        {
          "col1": "BILL_AMT2",
          "col2": "BILL_AMT5",
          "abs_corr": 0.859778307271445
        },
        {
          "col1": "BILL_AMT3",
          "col2": "BILL_AMT6",
          "abs_corr": 0.8533200905940468
        },
        {
          "col1": "BILL_AMT2",
          "col2": "BILL_AMT6",
          "abs_corr": 0.8315935591018213
        },
        {
          "col1": "BILL_AMT1",
          "col2": "BILL_AMT5",