{
  "mean_abs_shap": {
    "AMT_GOODS_PRICE": 0.4420525133609772,
    "EXT_SOURCE_3": 0.3919006586074829,
    "AMT_CREDIT": 0.3844374418258667,
    "EXT_SOURCE_2": 0.34812411665916443,
    "EXT_SOURCE_1": 0.18887034058570862,
    "AMT_ANNUITY": 0.1847110390663147,
    "DAYS_EMPLOYED": 0.12357141822576523,
    "CODE_GENDER": 0.12138161808252335,
    "DAYS_ID_PUBLISH": 0.11620498448610306,
    "age": 0.10043202340602875
  }
}