{
  "mean_abs_shap": {
    "PAY_0": 0.4873966574668884,
    "LIMIT_BAL": 0.2792779207229614,
    "BILL_AMT1": 0.2678910195827484,
    "PAY_AMT1": 0.21891260147094727,
    "PAY_AMT2": 0.2158859223127365,
    "PAY_2": 0.1618770807981491,
    "PAY_6": 0.11970757693052292,
    "PAY_3": 0.11707291752099991,
    "PAY_4": 0.10211756080389023,
    "MARRIAGE_single": 0.0863097757101059
  }
}