{
  "mean_abs_shap": {
    "duration": 0.6655877828598022,
    "credit_amount": 0.7626460194587708,
    "installment_commitment": 0.24453988671302795,
    "residence_since": 0.11872535943984985,
    "age": 0.3209208548069,
    "existing_credits": 0.1507773995399475,
    "num_dependents": 0.06470122188329697,
    "checking_status__0": 0.2916417419910431,
    "checking_status___200": 0.06593099236488342,
    "checking_status_no_checking": 0.8869892954826355,
    "credit_history_critical_other_existing_credit": 0.3938179314136505,
    "credit_history_delayed_previously": 0.07210862636566162,
    "credit_history_existing_paid": 0.07019153237342834,
    "credit_history_no_credits_all_paid": 0.05765180289745331,
    "purpose_domestic_appliance": 0.0,
    "purpose_education": 0.10753419995307922,
    "purpose_furniture_equipment": 0.08578228205442429,
    "purpose_new_car": 0.1770520657300949,
    "purpose_other": 0.0,
    "purpose_radio_tv": 0.08927047997713089,
    "purpose_repairs": 0.0,
    "purpose_retraining": 0.0,
    "purpose_used_car": 0.21341848373413086,
    "savings_status_500__X_1000": 0.010729334317147732,
    "savings_status__100": 0.23705722391605377,
    "savings_status___1000": 0.06852112710475922,
    "savings_status_no_known_savings": 0.19454464316368103,
    "employment_4__X_7": 0.19933781027793884,
    "employment__1": 0.2473732829093933,
    "employment___7": 0.04108183830976486,
    "employment_unemployed": 0.0725310742855072,
    "personal_status_male_div_sep": 0.044833723455667496,
    "personal_status_male_mar_wid": 0.02743646316230297,
    "personal_status_male_single": 0.1901310384273529,
    "other_parties_guarantor": 0.143262580037117,
    "other_parties_none": 0.04577350243926048,
    "property_magnitude_life_insurance": 0.06129790470004082,
    "property_magnitude_no_known_property": 0.1696552038192749,
    "property_magnitude_real_estate": 0.11860659718513489,
    "other_payment_plans_none": 0.33045119047164917,
    "other_payment_plans_stores": 0.014716964215040207,
    "housing_own": 0.0792645812034607,
    "housing_rent": 0.09995514154434204,
    "job_skilled": 0.08274456858634949,
    "job_unemp_unskilled_non_res": 0.0,
    "job_unskilled_resident": 0.04791933670639992,
    "own_telephone_yes": 0.14695900678634644,
    "foreign_worker_yes": 0.02395031228661537
  }
}