{
  "demographic_parity_difference": 0.08602286116093008,
  "equalized_odds_difference": 0.14285714285714285
}