{
  "accuracy": 0.73,
  "tuned_accuracy": 0.755,
  "classification_report": {
    "0.0": {
      "precision": 0.5517241379310345,
      "recall": 0.5333333333333333,
      "f1-score": 0.5423728813559322,
      "support": 60.0
    },
    "1.0": {
      "precision": 0.8028169014084507,
      "recall": 0.8142857142857143,
      "f1-score": 0.8085106382978723,
      "support": 140.0
    },
    "accuracy": 0.73,
    "macro avg": {
      "precision": 0.6772705196697426,
      "recall": 0.6738095238095239,
      "f1-score": 0.6754417598269022,
      "support": 200.0
    },
    "weighted avg": {
      "precision": 0.7274890723652259,
      "recall": 0.73,
      "f1-score": 0.7286693112152903,
      "support": 200.0
    }
  },
  "roc_auc": 0.7576190476190476,
  "optimal_threshold": 0.3852057109557109
}