{
  "accuracy": 0.735,
  "classification_report": {
    "0.0": {
      "precision": 0.7919463087248322,
      "recall": 0.8428571428571429,
      "f1-score": 0.8166089965397924,
      "support": 140.0
    },
    "1.0": {
      "precision": 0.5686274509803921,
      "recall": 0.48333333333333334,
      "f1-score": 0.5225225225225225,
      "support": 60.0
    },
    "accuracy": 0.735,
    "macro avg": {
      "precision": 0.6802868798526122,
      "recall": 0.6630952380952381,
      "f1-score": 0.6695657595311575,
      "support": 200.0
    },
    "weighted avg": {
      "precision": 0.7249506514015002,
      "recall": 0.735,
      "f1-score": 0.7283830543346115,
      "support": 200.0
    }
  },
  "roc_auc": 0.7988095238095239
}