{
  "accuracy": 0.8136666666666666,
  "classification_report": {
    "0.0": {
      "precision": 0.8368391131324616,
      "recall": 0.9450032099293816,
      "f1-score": 0.8876381909547739,
      "support": 4673.0
    },
    "1.0": {
      "precision": 0.6445366528354081,
      "recall": 0.35116804822908815,
      "f1-score": 0.45463414634146343,
      "support": 1327.0
    },
    "accuracy": 0.8136666666666666,
    "macro avg": {
      "precision": 0.7406878829839348,
      "recall": 0.6480856290792348,
      "f1-score": 0.6711361686481186,
      "support": 6000.0
    },
    "weighted avg": {
      "precision": 0.7943082189967633,
      "recall": 0.8136666666666666,
      "f1-score": 0.7918721297544633,
      "support": 6000.0
    }
  },
  "roc_auc": 0.7698045224768431,
  "optimal_threshold": 0.282292003169057,
  "tuned_accuracy": 0.7878333333333334
}