{
  "accuracy": 0.919547331794088,
  "classification_report": {
    "0.0": {
      "precision": 0.9200579738466299,
      "recall": 0.9993101862497126,
      "f1-score": 0.9580478871328766,
      "support": 56537.0
    },
    "1.0": {
      "precision": 0.5894736842105263,
      "recall": 0.011278952668680765,
      "f1-score": 0.022134387351778657,
      "support": 4965.0
    },
    "accuracy": 0.919547331794088,
    "macro avg": {
      "precision": 0.7547658290285781,
      "recall": 0.5052945694591967,
      "f1-score": 0.4900911372423276,
      "support": 61502.0
    },
    "weighted avg": {
      "precision": 0.8933702076269417,
      "recall": 0.919547331794088,
      "f1-score": 0.8824924494818548,
      "support": 61502.0
    }
  },
  "roc_auc": 0.7548807373175096,
  "optimal_threshold": 0.15530066606543408,
  "tuned_accuracy": 0.8517934376117849
}