{
  "psi": {},
  "bucket_performance": [
    {
      "sensitive": 0,
      "count": 25385.0,
      "accuracy": 0.8992318298207603
    },
    {
      "sensitive": 1,
      "count": 36117.0,
      "accuracy": 0.9343799318880306
    }
  ],
  "cohort_over_time": []
}