{
  "psi": {},
  "bucket_performance": [
    {
      "sensitive": "middle_aged",
      "count": 447.0,
      "accuracy": 0.7941834451901566
    },
    {
      "sensitive": "senior",
      "count": 94.0,
      "accuracy": 0.7872340425531915
    },
    {
      "sensitive": "young",
      "count": 142.0,
      "accuracy": 0.8309859154929577
    },
    {
      "sensitive": "young_adult",
      "count": 504.0,
      "accuracy": 0.8055555555555556
    }
  ],
  "cohort_over_time": []
}